,Discharge_Voltage,Count,DischargeID
0,3286.09375,20.0,234.0
1,2837.03125,3.0,242.0
2,3382.96875,1.0,255.0
3,3491.5625,1.0,257.0
4,3138.75,23.0,288.0
5,3003.4375,1.0,290.0
