,Count,Discharge_Voltage
0,20.0,3286.09375
1,3.0,2837.03125
2,1.0,3382.96875
3,1.0,3491.5625
4,23.0,3138.75
5,1.0,3003.4375
