,Filename,Injected_Charges
0,c_ALL_20210607151604746.csv,5.88805249869e-07
1,c_ALL_20210607151818742.csv,6.26646077504e-06
2,c_ALL_20210607151820239.csv,2.98629887359e-07
3,c_ALL_20210607151820740.csv,5.62386272433e-06
4,c_ALL_20210607151821242.csv,5.09652936244e-06
5,c_ALL_20210607151821741.csv,2.12622872495e-06
6,c_ALL_20210607152009739.csv,5.51364871267e-06
7,c_ALL_20210607152114241.csv,3.64785868719e-06
8,c_ALL_20210607152115241.csv,2.32638754988e-06
