,Filename,Absolute_Injected_Charges
0,c_ALL_20210607135450659.csv,1.0454258381e-06
1,c_ALL_20210607135639153.csv,1.00256540049e-06
2,c_ALL_20210607135748664.csv,1.12057226302e-06
3,c_ALL_20210607135958155.csv,1.04850953807e-06
