,Filename,Injected_Charges
0,c_ALL_20210607125737934.csv,-1.53917598847e-06
1,c_ALL_20210607125950929.csv,-2.09697062662e-06
2,c_ALL_20210607130038424.csv,-2.08574898927e-06
3,c_ALL_20210607130127424.csv,-2.34513912648e-06
4,c_ALL_20210607130149921.csv,-1.54073921369e-06
