,Filename,Injected_Charges
0,c_ALL_20210604162712827.csv,-8.30208325541e-07
1,c_ALL_20210604163440835.csv,-7.86807575635e-07
