,Filename,Injected_Charges
0,c_ALL_20210607134704653.csv,-9.72818288338e-07
1,c_ALL_20210607134718152.csv,-8.90394388262e-07
2,c_ALL_20210607134936660.csv,-8.91727713044e-07
3,c_ALL_20210607135102153.csv,-9.67727000866e-07
