,Filename,Absolute_Injected_Charges
0,c_ALL_20210604153717704.csv,1.10752496313e-06
1,c_ALL_20210604153816203.csv,7.72934250451e-07
2,c_ALL_20210604154151208.csv,5.99751150365e-07
3,c_ALL_20210604154327205.csv,1.00669457573e-06
