,Filename,Injected_Charges
0,c_ALL_20210604153717704.csv,-9.59897338178e-07
1,c_ALL_20210604153816203.csv,-6.20605550493e-07
2,c_ALL_20210604154151208.csv,-4.65906600403e-07
3,c_ALL_20210604154327205.csv,-8.72067225778e-07
