,Filename,Absolute_Injected_Charges
0,c_ALL_20210604162712827.csv,9.65043725477e-07
1,c_ALL_20210604163440835.csv,9.17942725584e-07
