,Filename,Absolute_Injected_Charges
0,c_ALL_20210604145209646.csv,1.10549481326e-06
1,c_ALL_20210604145745140.csv,4.09207940272e-06
