,Filename,Injected_Charges
0,c_ALL_20210607160912323.csv,3.1736887491e-07
1,c_ALL_20210607161048814.csv,3.42837448781e-06
2,c_ALL_20210607161049313.csv,4.99849625064e-07
3,c_ALL_20210607161049814.csv,5.89127774744e-07
4,c_ALL_20210607161050318.csv,3.53898084958e-06
5,c_ALL_20210607161050813.csv,4.18164112502e-07
6,c_ALL_20210607161051315.csv,3.46568906268e-06
7,c_ALL_20210607161156329.csv,3.88033912508e-06
8,c_ALL_20210607161156827.csv,4.79860437582e-07
