,Filename,Absolute_Injected_Charges
0,c_ALL_20210607125737934.csv,1.72077608832e-06
1,c_ALL_20210607125950929.csv,2.25288937648e-06
2,c_ALL_20210607130038424.csv,2.26075228911e-06
3,c_ALL_20210607130127424.csv,2.39949052644e-06
4,c_ALL_20210607130149921.csv,1.75250941353e-06
