,Filename,Injected_Charges
0,c_ALL_20210604145209646.csv,-9.60624563282e-07
1,c_ALL_20210604145745140.csv,-4.01043260278e-06
