,Filename,Absolute_Injected_Charges
0,c_ALL_20210607134704653.csv,1.14981943821e-06
1,c_ALL_20210607134718152.csv,1.03086186315e-06
2,c_ALL_20210607134936660.csv,1.01859451298e-06
3,c_ALL_20210607135102153.csv,1.12906455072e-06
