,Filename,Absolute_Injected_Charges
0,c_ALL_20210607155928310.csv,2.95943952524e-06
1,c_ALL_20210607160123810.csv,3.50603461261e-06
2,c_ALL_20210607160145811.csv,5.37903561218e-06
3,c_ALL_20210607160553811.csv,1.64053552516e-06
