,Filename,Absolute_Injected_Charges
0,c_ALL_20210608164037347.csv,1.53276134993e-06
1,c_ALL_20210608164157848.csv,1.63040163768e-06
2,c_ALL_20210608164336856.csv,1.66193712491e-06
3,c_ALL_20210608164445349.csv,1.15511188748e-06
4,c_ALL_20210608164640349.csv,6.3139731246e-07
