,Filename,Absolute_Injected_Charges
0,c_ALL_20210623154203226.csv,1.35308452506e-06
1,c_ALL_20210623154508223.csv,1.10896445006e-06
