,Filename,Absolute_Injected_Charges
0,c_ALL_20210608150936260.csv,4.09343908761e-06
1,c_ALL_20210608151011268.csv,1.72446493761e-06
2,c_ALL_20210608151057758.csv,4.37471817506e-06
3,c_ALL_20210608151315762.csv,2.46223208736e-06
