,Filename,Injected_Charges
0,c_ALL_20210608155345828.csv,1.08814947503e-06
1,c_ALL_20210608155456832.csv,7.90830112244e-07
2,c_ALL_20210608155600829.csv,1.88137192513e-06
3,c_ALL_20210608155616330.csv,6.08827450059e-07
4,c_ALL_20210608155818833.csv,8.66285999822e-07
5,c_ALL_20210608155834833.csv,7.5124503758e-07
6,c_ALL_20210608155846834.csv,1.39854154999e-06
7,c_ALL_20210608155906830.csv,8.88850162466e-07
8,c_ALL_20210608155940330.csv,1.48126208738e-06
