,Filename,Injected_Charges
0,c_ALL_20210608164037347.csv,5.85072699874e-07
1,c_ALL_20210608164157848.csv,6.2608111258e-07
2,c_ALL_20210608164336856.csv,7.132158248e-07
3,c_ALL_20210608164445349.csv,4.82689062481e-07
4,c_ALL_20210608164640349.csv,2.3142213745e-07
