,Filename,Injected_Charges
0,c_ALL_20210623154203226.csv,6.49443275088e-07
1,c_ALL_20210623154508223.csv,-1.7205355033e-07
