,Filename,Injected_Charges
0,c_ALL_20210607133525659.csv,-7.68441700776e-07
1,c_ALL_20210607133817651.csv,-1.00299480078e-06
2,c_ALL_20210607134055153.csv,-1.22736698841e-06
3,c_ALL_20210607134116160.csv,-1.13697591326e-06
4,c_ALL_20210607134123665.csv,-1.0849244632e-06
