,Filename,Absolute_Injected_Charges
0,c_ALL_20210607133525659.csv,9.92090700677e-07
1,c_ALL_20210607133817651.csv,1.23683160061e-06
2,c_ALL_20210607134055153.csv,1.50427583822e-06
3,c_ALL_20210607134116160.csv,1.38498576314e-06
4,c_ALL_20210607134123665.csv,1.370482113e-06
