,Filename,Injected_Charges
0,c_ALL_20210607155928310.csv,2.27803207517e-06
1,c_ALL_20210607160123810.csv,2.8412127376e-06
2,c_ALL_20210607160145811.csv,5.00942718715e-06
3,c_ALL_20210607160553811.csv,5.57435775022e-07
