,Filename,Injected_Charges
0,c_ALL_20210608150936260.csv,3.58949211255e-06
1,c_ALL_20210608151011268.csv,8.48707912556e-07
2,c_ALL_20210608151057758.csv,3.95395747502e-06
3,c_ALL_20210608151315762.csv,1.43840711236e-06
