,Filename,Injected_Charges
0,c_ALL_20210607132605148.csv,-9.92550738182e-07
1,c_ALL_20210607132710652.csv,-8.79075375782e-07
2,c_ALL_20210607133143663.csv,-1.0932799508e-06
3,c_ALL_20210607133149149.csv,-1.23731918831e-06
4,c_ALL_20210607133251664.csv,-1.20838432572e-06
5,c_ALL_20210607133252158.csv,-1.23276465094e-06
6,c_ALL_20210607133317662.csv,-1.23530756323e-06
7,c_ALL_20210607133338161.csv,-1.01955187591e-06
