,Filename,Injected_Charges
0,c_ALL_20210623151605715.csv,1.55538746752e-08
1,c_ALL_20210623151645216.csv,8.67598709983e-06
2,c_ALL_20210623151852208.csv,8.87328262415e-07
3,c_ALL_20210623152008209.csv,-4.40230001888e-08
4,c_ALL_20210623152031214.csv,-1.39843325244e-07
