,Filename,Absolute_Injected_Charges
0,c_ALL_20210608163007844.csv,1.68240297506e-06
1,c_ALL_20210608163043344.csv,1.66276030002e-06
2,c_ALL_20210608163347844.csv,1.60326940009e-06
3,c_ALL_20210608163630845.csv,1.09409552499e-06
4,c_ALL_20210608163653849.csv,1.76665087499e-06
5,c_ALL_20210608163708351.csv,1.52001733724e-06
