,Filename,Absolute_Injected_Charges
0,c_ALL_20210607132605148.csv,1.347467413e-06
1,c_ALL_20210607132710652.csv,1.15294422563e-06
2,c_ALL_20210607133143663.csv,1.40582710061e-06
3,c_ALL_20210607133149149.csv,1.53664233811e-06
4,c_ALL_20210607133251664.csv,1.51025157549e-06
5,c_ALL_20210607133252158.csv,1.55480135073e-06
6,c_ALL_20210607133317662.csv,1.53547241306e-06
7,c_ALL_20210607133338161.csv,1.28282632572e-06
