,Filename,Injected_Charges
0,c_ALL_20210607154941805.csv,1.12477791244e-06
1,c_ALL_20210607155317806.csv,6.49962212105e-07
2,c_ALL_20210607155332308.csv,6.36826324981e-07
3,c_ALL_20210607155720810.csv,7.47241737665e-07
