,Filename,Absolute_Injected_Charges
0,c_ALL_20210608145653253.csv,3.7258810002e-06
1,c_ALL_20210608150107254.csv,4.28047817497e-06
2,c_ALL_20210608150224261.csv,3.64798028734e-06
