,Filename,Absolute_Injected_Charges
0,c_ALL_20210607154941805.csv,2.04539203748e-06
1,c_ALL_20210607155317806.csv,1.80794713724e-06
2,c_ALL_20210607155332308.csv,1.80560182512e-06
3,c_ALL_20210607155720810.csv,1.90445906273e-06
