,Filename,Absolute_Injected_Charges
0,c_ALL_20210608154504825.csv,2.72155429991e-06
1,c_ALL_20210608154619826.csv,2.83314343728e-06
2,c_ALL_20210608154636333.csv,2.67769113744e-06
3,c_ALL_20210608154727331.csv,1.6266733625e-06
4,c_ALL_20210608154754826.csv,1.63930907517e-06
