,Filename,Absolute_Injected_Charges
0,c_ALL_20210623151605715.csv,1.4131976749e-06
1,c_ALL_20210623151645216.csv,8.84326879983e-06
2,c_ALL_20210623151852208.csv,1.98674521266e-06
3,c_ALL_20210623152008209.csv,1.38059320018e-06
4,c_ALL_20210623152031214.csv,1.33533187508e-06
