,Filename,Injected_Charges
0,c_ALL_20210608145653253.csv,3.30318325016e-06
1,c_ALL_20210608150107254.csv,3.84250917496e-06
2,c_ALL_20210608150224261.csv,2.98239936234e-06
