,Filename,Injected_Charges
0,c_ALL_20210608161948839.csv,6.45514787394e-07
1,c_ALL_20210608162005858.csv,8.3715211235e-07
2,c_ALL_20210608162108340.csv,7.8863584972e-07
3,c_ALL_20210608162254342.csv,7.74131487537e-07
4,c_ALL_20210608162447341.csv,7.74185162316e-07
5,c_ALL_20210608162649345.csv,8.2601526227e-07
6,c_ALL_20210608162757842.csv,8.50884837519e-07
