,Filename,Absolute_Injected_Charges
0,c_ALL_20210608161948839.csv,1.73054541242e-06
1,c_ALL_20210608162005858.csv,1.87088273751e-06
2,c_ALL_20210608162108340.csv,1.84412574976e-06
3,c_ALL_20210608162254342.csv,1.7760399626e-06
4,c_ALL_20210608162447341.csv,1.90306588746e-06
5,c_ALL_20210608162649345.csv,1.85412758741e-06
6,c_ALL_20210608162757842.csv,1.77290353756e-06
