,Filename,Injected_Charges
0,c_ALL_20210623150805206.csv,6.71103536253e-06
1,c_ALL_20210623150814717.csv,7.72202631262e-06
2,c_ALL_20210623150815203.csv,9.02068367524e-06
3,c_ALL_20210623151022705.csv,4.72108698745e-06
4,c_ALL_20210623151043708.csv,8.311027263e-06
5,c_ALL_20210623151044209.csv,5.90539498739e-06
6,c_ALL_20210623151044710.csv,7.37750928774e-06
7,c_ALL_20210623151045212.csv,-7.30805550125e-07
8,c_ALL_20210623151127713.csv,9.59676130044e-06
