,Filename,Injected_Charges
0,c_ALL_20210607131649146.csv,-1.09020646318e-06
1,c_ALL_20210607131708662.csv,-1.17235320079e-06
2,c_ALL_20210607132051653.csv,-9.19802588326e-07
3,c_ALL_20210607132240152.csv,-1.3591521759e-06
4,c_ALL_20210607132252147.csv,-1.29497587584e-06
5,c_ALL_20210607132426659.csv,-1.29878513813e-06
