,Filename,Absolute_Injected_Charges
0,c_ALL_20210623150805206.csv,7.18734588758e-06
1,c_ALL_20210623150814717.csv,7.96074896262e-06
2,c_ALL_20210623150815203.csv,9.32938475024e-06
3,c_ALL_20210623151022705.csv,5.26576521244e-06
4,c_ALL_20210623151043708.csv,8.54153621301e-06
5,c_ALL_20210623151044209.csv,6.52563668739e-06
6,c_ALL_20210623151044710.csv,7.85315481275e-06
7,c_ALL_20210623151045212.csv,1.80754030008e-06
8,c_ALL_20210623151127713.csv,9.79548372543e-06
