,Filename,Absolute_Injected_Charges
0,c_ALL_20210607131649146.csv,1.40414298798e-06
1,c_ALL_20210607131708662.csv,1.55310702546e-06
2,c_ALL_20210607132051653.csv,1.27544886312e-06
3,c_ALL_20210607132240152.csv,1.69882657567e-06
4,c_ALL_20210607132252147.csv,1.57615687563e-06
5,c_ALL_20210607132426659.csv,1.6406065379e-06
