,x_max,y_max,x_min,y_min
0,18.003,0.000407460164566,5.013,0.000254828028183
1,44.01,0.000420170334919,38.007,0.000327076395432
2,71.013,0.000416895190591,72.016,0.000362910850146
3,116.009,0.000416312294445,97.0,0.00029673541898
4,144.016,0.000415459720799,149.012,0.00024931307986700003
5,171.007,0.000394540438032,177.015,0.000199428311849
6,201.013,0.00039540369744,210.00599999999997,4.2652628094e-05
7,236.00599999999997,5.8345096998e-05,227.00099999999998,3.85488487508e-05
8,250.005,5.70699118917e-05,244.017,3.26276441477e-05
