,Filename,Energy
0,c_ALL_20210607135450659.csv,0.00196798944764
1,c_ALL_20210607135639153.csv,0.0018947731259
2,c_ALL_20210607135748664.csv,0.00193663643922
3,c_ALL_20210607135958155.csv,0.00207332473359
