,Filename,Energy
0,c_ALL_20210607151604746.csv,0.00185468992253
1,c_ALL_20210607151818742.csv,0.00428887418628
2,c_ALL_20210607151820239.csv,0.0012991249765
3,c_ALL_20210607151820740.csv,0.0041769116995
4,c_ALL_20210607151821242.csv,0.00394894452338
5,c_ALL_20210607151821741.csv,0.00293510321724
6,c_ALL_20210607152009739.csv,0.00405043116538
7,c_ALL_20210607152114241.csv,0.00352514996864
8,c_ALL_20210607152115241.csv,0.00292106768479
