,Filename,Injected_Charges
0,c_ALL_20210607135450659.csv,-8.8083643823e-07
1,c_ALL_20210607135639153.csv,-8.5405285061e-07
2,c_ALL_20210607135748664.csv,-9.65806813118e-07
3,c_ALL_20210607135958155.csv,-9.22136263199e-07
4,c_ALL_20210607140121158.csv,-2.14597162619e-07
