,Filename,Energy
0,c_ALL_20210607160912323.csv,0.00148732141549
1,c_ALL_20210607161048814.csv,0.00383462436407
2,c_ALL_20210607161049313.csv,0.00207269397272
3,c_ALL_20210607161049814.csv,0.00212184912743
4,c_ALL_20210607161050318.csv,0.00372868027907
5,c_ALL_20210607161050813.csv,0.0020662832275
6,c_ALL_20210607161051315.csv,0.00380919868676
7,c_ALL_20210607161156329.csv,0.00398116896931
8,c_ALL_20210607161156827.csv,0.0020303900475
