,Filename,Energy
0,c_ALL_20210607125737934.csv,0.00244480907731
1,c_ALL_20210607125950929.csv,0.00297639473744
2,c_ALL_20210607130038424.csv,0.00284326433427
3,c_ALL_20210607130127424.csv,0.00289248050801
4,c_ALL_20210607130149921.csv,0.00267015818991
