,Filename,Energy
0,c_ALL_20210607134704653.csv,0.00218904747678
1,c_ALL_20210607134718152.csv,0.00223475570813
2,c_ALL_20210607134936660.csv,0.00193853073103
3,c_ALL_20210607135102153.csv,0.00208581527373
