,Filename,Energy
0,c_ALL_20210604162712827.csv,0.00192277236036
1,c_ALL_20210604163440835.csv,0.00178854087199
