,Filename,Energy
0,c_ALL_20210604153717704.csv,0.0021317891557
1,c_ALL_20210604153816203.csv,0.00147768349405
2,c_ALL_20210604154151208.csv,0.00120728294678
3,c_ALL_20210604154327205.csv,0.00202232778223
