,Filename,Energy
0,c_ALL_20210604145209646.csv,0.00225880392128
1,c_ALL_20210604145745140.csv,0.00526447624705
