,Filename,Energy
0,c_ALL_20210607155928310.csv,0.00399115083916
1,c_ALL_20210607160123810.csv,0.00470438180081
2,c_ALL_20210607160145811.csv,0.00584893237195
3,c_ALL_20210607160553811.csv,0.00263093938324
