,Filename,Energy
0,c_ALL_20210608150936260.csv,0.00485015866964
1,c_ALL_20210608151011268.csv,0.00303502309848
2,c_ALL_20210608151057758.csv,0.00513403348816
3,c_ALL_20210608151315762.csv,0.0036599589473
