,Filename,Energy
0,c_ALL_20210608155345828.csv,0.00295590708395
1,c_ALL_20210608155456832.csv,0.00302165178664
2,c_ALL_20210608155600829.csv,0.0036912527849
3,c_ALL_20210608155616330.csv,0.00270776760307
4,c_ALL_20210608155818833.csv,0.00301611596767
5,c_ALL_20210608155834833.csv,0.00300410137557
6,c_ALL_20210608155846834.csv,0.00367300864798
7,c_ALL_20210608155906830.csv,0.0030767685512
8,c_ALL_20210608155940330.csv,0.00375003015532
