,Filename,Energy
0,c_ALL_20210608164037347.csv,0.00247669035791
1,c_ALL_20210608164157848.csv,0.00274093242561
2,c_ALL_20210608164336856.csv,0.0029650620005
3,c_ALL_20210608164445349.csv,0.00216808967304
4,c_ALL_20210608164640349.csv,0.00124185402559
