,Filename,Energy
0,c_ALL_20210607133525659.csv,0.00202941185231
1,c_ALL_20210607133817651.csv,0.00265161667368
2,c_ALL_20210607134055153.csv,0.00294847216621
3,c_ALL_20210607134116160.csv,0.00279977176872
4,c_ALL_20210607134123665.csv,0.00281576609865
