,Filename,Energy
0,c_ALL_20210623154203226.csv,0.00283316192215
1,c_ALL_20210623154508223.csv,0.000994253221425
