,Filename,Energy
0,c_ALL_20210607154941805.csv,0.00332480996451
1,c_ALL_20210607155317806.csv,0.00308543527571
2,c_ALL_20210607155332308.csv,0.00304465084586
3,c_ALL_20210607155720810.csv,0.00325658411918
