,Filename,Energy
0,c_ALL_20210607132605148.csv,0.00267760162698
1,c_ALL_20210607132710652.csv,0.00220177470966
2,c_ALL_20210607133143663.csv,0.00298565427928
3,c_ALL_20210607133149149.csv,0.00322362323125
4,c_ALL_20210607133251664.csv,0.00307053355052
5,c_ALL_20210607133252158.csv,0.00323506159276
6,c_ALL_20210607133317662.csv,0.00322921629097
7,c_ALL_20210607133338161.csv,0.00249124377774
