,Filename,Energy
0,c_ALL_20210608163007844.csv,0.00299347203142
1,c_ALL_20210608163043344.csv,0.00289828574116
2,c_ALL_20210608163347844.csv,0.00271478143055
3,c_ALL_20210608163630845.csv,0.00217408929492
4,c_ALL_20210608163653849.csv,0.00328119057159
5,c_ALL_20210608163708351.csv,0.00283721068854
