,Filename,Energy
0,c_ALL_20210608145653253.csv,0.00495296787614
1,c_ALL_20210608150107254.csv,0.00545275616558
2,c_ALL_20210608150224261.csv,0.00509867176725
