,Filename,Energy
0,c_ALL_20210608154504825.csv,0.00423787031299
1,c_ALL_20210608154619826.csv,0.00443814499631
2,c_ALL_20210608154636333.csv,0.00425781808096
3,c_ALL_20210608154727331.csv,0.00332383281859
4,c_ALL_20210608154754826.csv,0.00318067913988
