,Filename,Energy
0,c_ALL_20210623151605715.csv,0.0016871745329
1,c_ALL_20210623151645216.csv,0.00810078386829
2,c_ALL_20210623151852208.csv,0.00315649757163
3,c_ALL_20210623152008209.csv,0.00157068762444
4,c_ALL_20210623152031214.csv,0.00137927720577
