,Filename,Energy
0,c_ALL_20210607131649146.csv,0.00290227764661
1,c_ALL_20210607131708662.csv,0.00343953217299
2,c_ALL_20210607132051653.csv,0.00251450490192
3,c_ALL_20210607132240152.csv,0.00356285892483
4,c_ALL_20210607132252147.csv,0.00366295862467
5,c_ALL_20210607132426659.csv,0.00343599235669
