,Filename,Energy
0,c_ALL_20210623150805206.csv,0.0075302239111
1,c_ALL_20210623150814717.csv,0.00780719156077
2,c_ALL_20210623150815203.csv,0.00812850454122
3,c_ALL_20210623151022705.csv,0.0062731232032
4,c_ALL_20210623151043708.csv,0.00781215737811
5,c_ALL_20210623151044209.csv,0.0072895924524
6,c_ALL_20210623151044710.csv,0.0078038266237
7,c_ALL_20210623151045212.csv,0.00210308157812
8,c_ALL_20210623151127713.csv,0.00834770058876
