,Filename,Energy
0,c_ALL_20210608161948839.csv,0.00294321014322
1,c_ALL_20210608162005858.csv,0.00373658150822
2,c_ALL_20210608162108340.csv,0.00343443438121
3,c_ALL_20210608162254342.csv,0.0035405413582
4,c_ALL_20210608162447341.csv,0.00347419385906
5,c_ALL_20210608162649345.csv,0.00368467749176
6,c_ALL_20210608162757842.csv,0.00367431395174
