,ID,Probability
0,0.0,1.0
1,20.0,1.0
2,40.0,1.0
3,60.0,1.0
4,80.0,1.0
5,100.0,1.0
6,120.0,1.0
7,140.0,1.0
8,160.0,1.0
9,180.0,1.0
10,200.0,0.21052631578947367
11,220.0,0.631578947368421
12,240.0,0.6842105263157895
13,260.0,0.05263157894736842
14,280.0,0.10526315789473684
15,300.0,0.0
16,320.0,0.0
17,340.0,0.0
18,360.0,0.0
19,380.0,0.0
